MT_pep,WT_pep,Gene,tpm,DriverGene_Lable,allele_frequency,tcr_clone_sum,tcr_clone_conut,avg_binding_score
DIKKSITTERY,DISKKKALQQK,FAM111B,1.0899299999999998,False,none,0.381180103,59,0.6650135786440677
IKKSITTERY,ISKKKALQQK,FAM111B,1.0899299999999998,False,none,1.6693675009999998,509,0.8049101520628683
KHYNRKIS,KALQQKDI,FAM111B,1.0899299999999998,False,none,0.086623139,8,0.646630495
KKHYNRKI,KKALQQKD,FAM111B,1.0899299999999998,False,none,0.013075777000000002,3,0.5742051533333333
KKSITTERY,SKKKALQQK,FAM111B,1.0899299999999998,False,none,1.413826128,492,0.7954501996747967
KSITTERY,KKKALQQK,FAM111B,1.0899299999999998,False,none,1.018321091,427,0.7816020905152224
SGKVLEMDIKK,SGKVLEMDISK,FAM111B,1.0899299999999998,False,none,0.000191449,1,0.7250146
VSGKVLEMDIK,VSGKVLEMDIS,FAM111B,1.0899299999999998,False,none,2.517895595,828,0.8386475608212561
